{
    "name": "Tilki",
    "personality_traits": {
        "openness": 0.5704349762282194,
        "conscientiousness": 0.6254430497183519,
        "extraversion": 0.6145749998219946,
        "agreeableness": 0.5035506498818476,
        "neuroticism": 0.5437520747383793
    },
    "emotional_memory": []
}